[
  {
    "name": "theme_info",
    "theme_name": "Sensory Theme",
    "theme_version": "1.0.0",
    "theme_author": "Sensory Brand",
    "theme_documentation_url": "",
    "theme_support_url": ""
  },
  {
    "name": "Colors",
    "settings": [
      {
        "type": "header",
        "content": "Color scheme"
      },
      {
        "type": "color",
        "id": "colors_text",
        "label": "Text",
        "default": "#121212"
      },
      {
        "type": "color",
        "id": "colors_background_1",
        "label": "Background 1",
        "default": "#FFFFFF"
      },
      {
        "type": "color",
        "id": "colors_background_2",
        "label": "Background 2",
        "default": "#F3F4F6"
      },
      {
        "type": "color",
        "id": "colors_solid_button_labels",
        "label": "Solid button labels",
        "default": "#FFFFFF"
      },
      {
        "type": "color",
        "id": "colors_outline_button_labels",
        "label": "Outline button labels",
        "default": "#121212"
      },
      {
        "type": "color",
        "id": "colors_accent_1",
        "label": "Accent 1",
        "default": "#121212"
      },
      {
        "type": "color",
        "id": "colors_accent_2",
        "label": "Accent 2",
        "default": "#6B7280"
      }
    ]
  },
  {
    "name": "Typography",
    "settings": [
      {
        "type": "header",
        "content": "Headings"
      },
      {
        "type": "font_picker",
        "id": "type_header_font",
        "default": "assistant_n4",
        "label": "Font",
        "info": "Selecting a different font can affect the speed of your store. [Learn more about system fonts.](https://help.shopify.com/en/manual/online-store/os/store-speed/improving-speed#fonts)"
      },
      {
        "type": "range",
        "id": "heading_scale",
        "min": 100,
        "max": 150,
        "step": 5,
        "unit": "%",
        "label": "Scale",
        "default": 100
      },
      {
        "type": "header",
        "content": "Body text"
      },
      {
        "type": "font_picker",
        "id": "type_body_font",
        "default": "assistant_n4",
        "label": "Font",
        "info": "Selecting a different font can affect the speed of your store. [Learn more about system fonts.](https://help.shopify.com/en/manual/online-store/os/store-speed/improving-speed#fonts)"
      },
      {
        "type": "range",
        "id": "body_scale",
        "min": 100,
        "max": 130,
        "step": 5,
        "unit": "%",
        "label": "Scale",
        "default": 100
      }
    ]
  },
  {
    "name": "Layout",
    "settings": [
      {
        "type": "range",
        "id": "page_width",
        "min": 1000,
        "max": 1600,
        "step": 10,
        "default": 1200,
        "unit": "px",
        "label": "Page width"
      },
      {
        "type": "range",
        "id": "spacing_sections",
        "min": 0,
        "max": 100,
        "step": 4,
        "unit": "px",
        "label": "Spacing between sections",
        "default": 0
      }
    ]
  },
  {
    "name": "Buttons",
    "settings": [
      {
        "type": "header",
        "content": "Button style"
      },
      {
        "type": "range",
        "id": "buttons_radius",
        "min": 0,
        "max": 40,
        "step": 2,
        "unit": "px",
        "label": "Corner radius",
        "default": 0
      },
      {
        "type": "range",
        "id": "buttons_border_thickness",
        "min": 0,
        "max": 5,
        "step": 1,
        "unit": "px",
        "label": "Border thickness",
        "default": 1
      },
      {
        "type": "range",
        "id": "buttons_border_opacity",
        "min": 0,
        "max": 100,
        "step": 5,
        "unit": "%",
        "label": "Border opacity",
        "default": 100
      },
      {
        "type": "range",
        "id": "buttons_shadow_opacity",
        "min": 0,
        "max": 100,
        "step": 5,
        "unit": "%",
        "label": "Shadow opacity",
        "default": 0
      },
      {
        "type": "range",
        "id": "buttons_shadow_horizontal_offset",
        "min": -22,
        "max": 22,
        "step": 1,
        "unit": "px",
        "label": "Shadow horizontal offset",
        "default": 0
      },
      {
        "type": "range",
        "id": "buttons_shadow_vertical_offset",
        "min": -22,
        "max": 22,
        "step": 1,
        "unit": "px",
        "label": "Shadow vertical offset",
        "default": 0
      },
      {
        "type": "range",
        "id": "buttons_shadow_blur",
        "min": 0,
        "max": 43,
        "step": 1,
        "unit": "px",
        "label": "Shadow blur radius",
        "default": 0
      }
    ]
  },
  {
    "name": "Product cards",
    "settings": [
      {
        "type": "header",
        "content": "Product card"
      },
      {
        "type": "range",
        "id": "card_image_padding",
        "min": 0,
        "max": 20,
        "step": 1,
        "unit": "px",
        "label": "Image padding",
        "default": 0
      },
      {
        "type": "range",
        "id": "card_corner_radius",
        "min": 0,
        "max": 40,
        "step": 2,
        "unit": "px",
        "label": "Corner radius",
        "default": 0
      },
      {
        "type": "select",
        "id": "card_text_alignment",
        "options": [
          {
            "value": "left",
            "label": "Left"
          },
          {
            "value": "center",
            "label": "Center"
          },
          {
            "value": "right",
            "label": "Right"
          }
        ],
        "default": "left",
        "label": "Text alignment"
      },
      {
        "type": "range",
        "id": "card_border_thickness",
        "min": 0,
        "max": 5,
        "step": 1,
        "unit": "px",
        "label": "Border thickness",
        "default": 0
      },
      {
        "type": "range",
        "id": "card_border_opacity",
        "min": 0,
        "max": 100,
        "step": 5,
        "unit": "%",
        "label": "Border opacity",
        "default": 0
      },
      {
        "type": "range",
        "id": "card_shadow_opacity",
        "min": 0,
        "max": 100,
        "step": 5,
        "unit": "%",
        "label": "Shadow opacity",
        "default": 0
      },
      {
        "type": "range",
        "id": "card_shadow_horizontal_offset",
        "min": -22,
        "max": 22,
        "step": 1,
        "unit": "px",
        "label": "Shadow horizontal offset",
        "default": 0
      },
      {
        "type": "range",
        "id": "card_shadow_vertical_offset",
        "min": -22,
        "max": 22,
        "step": 1,
        "unit": "px",
        "label": "Shadow vertical offset",
        "default": 0
      },
      {
        "type": "range",
        "id": "card_shadow_blur",
        "min": 0,
        "max": 43,
        "step": 1,
        "unit": "px",
        "label": "Shadow blur radius",
        "default": 0
      }
    ]
  },
  {
    "name": "Media",
    "settings": [
      {
        "type": "header",
        "content": "Media"
      },
      {
        "type": "range",
        "id": "media_padding",
        "min": 0,
        "max": 20,
        "step": 1,
        "unit": "px",
        "label": "Padding",
        "default": 0
      },
      {
        "type": "range",
        "id": "media_border_thickness",
        "min": 0,
        "max": 5,
        "step": 1,
        "unit": "px",
        "label": "Border thickness",
        "default": 0
      },
      {
        "type": "range",
        "id": "media_border_opacity",
        "min": 0,
        "max": 100,
        "step": 5,
        "unit": "%",
        "label": "Border opacity",
        "default": 0
      },
      {
        "type": "range",
        "id": "media_radius",
        "min": 0,
        "max": 40,
        "step": 2,
        "unit": "px",
        "label": "Corner radius",
        "default": 0
      },
      {
        "type": "range",
        "id": "media_shadow_opacity",
        "min": 0,
        "max": 100,
        "step": 5,
        "unit": "%",
        "label": "Shadow opacity",
        "default": 0
      },
      {
        "type": "range",
        "id": "media_shadow_horizontal_offset",
        "min": -22,
        "max": 22,
        "step": 1,
        "unit": "px",
        "label": "Shadow horizontal offset",
        "default": 0
      },
      {
        "type": "range",
        "id": "media_shadow_vertical_offset",
        "min": -22,
        "max": 22,
        "step": 1,
        "unit": "px",
        "label": "Shadow vertical offset",
        "default": 0
      },
      {
        "type": "range",
        "id": "media_shadow_blur",
        "min": 0,
        "max": 43,
        "step": 1,
        "unit": "px",
        "label": "Shadow blur radius",
        "default": 0
      }
    ]
  },
  {
    "name": "Social media",
    "settings": [
      {
        "type": "header",
        "content": "Social accounts"
      },
      {
        "type": "text",
        "id": "social_instagram_link",
        "label": "Instagram"
      },
      {
        "type": "text",
        "id": "social_facebook_link",
        "label": "Facebook"
      },
      {
        "type": "text",
        "id": "social_pinterest_link",
        "label": "Pinterest"
      }
    ]
  },
  {
    "name": "Favicon",
    "settings": [
      {
        "type": "image_picker",
        "id": "favicon",
        "label": "Favicon image",
        "info": "32 x 32px .png recommended"
      }
    ]
  },
  {
    "name": "Logo",
    "settings": [
      {
        "type": "image_picker",
        "id": "logo",
        "label": "Logo image",
        "info": "200 x 60px .png recommended"
      }
    ]
  }
]
